lq_code,period_label,period_num,staff_name,staff_email,facility,submitted_at,data_json,computed_json
H,2026-11 · Kiosk Market Road (K01),202611,Ada Okonkwo,mel@contraconnect.local,Kiosk Market Road (K01),2026-11-28T14:32:00Z,"{""period_month"": ""2026-11"", ""facility_id"": 1, ""facility_name"": ""Kiosk Market Road (K01)"", ""engaged_app"": 420, ""engaged_mobilizer"": 310, ""engaged_walkin"": 180, ""overlap"": 25, ""receiving_method"": 350}","{""engaged_dedup"": 885.0, ""conversion_rate"": 0.3955, ""conversion_rate_pct"": 39.55, ""vs_target"": ""Below""}"
LQ1,2026-11 · Kiosk Market Road (K01),202611,Ada Okonkwo,mel@contraconnect.local,Kiosk Market Road (K01),2026-11-28T14:32:00Z,"{""period_month"": ""2026-11"", ""facility_id"": 1, ""facility_name"": ""Kiosk Market Road (K01)"", ""exit_surveys"": 120, ""surveys_with_barrier"": 38, ""avg_satisfaction"": 4.3, ""observations"": 8, ""avg_counseling"": 3.9, ""qual_summary"": ""Fear of side effects most cited; short waiting times valued.""}","{""barrier_rate"": 0.3167, ""avg_satisfaction"": 4.3, ""vs_target"": ""Met""}"
LQ2,Week 1 · Kiosk Market Road (K01),202611,Ada Okonkwo,mel@contraconnect.local,Kiosk Market Road (K01),2026-11-28T14:32:00Z,"{""week_num"": 1, ""facility_id"": 1, ""facility_name"": ""Kiosk Market Road (K01)"", ""app_engagement"": 600, ""registration"": 410, ""referral_checkin"": 320, ""method_uptake"": 210}","{""reg_vs_eng"": 0.6833, ""ref_vs_reg"": 0.7805, ""up_vs_ref"": 0.6563, ""overall"": 0.35}"
LQ3,2026-11 · Kiosk Market Road (K01),202611,Ada Okonkwo,mel@contraconnect.local,Kiosk Market Road (K01),2026-11-28T14:32:00Z,"{""period_month"": ""2026-11"", ""facility_id"": 1, ""facility_name"": ""Kiosk Market Road (K01)"", ""responses"": 100, ""promoters"": 60, ""passives"": 25, ""detractors"": 15}","{""nps"": 45.0, ""vs_target"": ""Met""}"
LQ4,2026-11 · Kiosk Market Road (K01),202611,Ada Okonkwo,mel@contraconnect.local,Kiosk Market Road (K01),2026-11-28T14:32:00Z,"{""period_month"": ""2026-11"", ""facility_id"": 1, ""facility_name"": ""Kiosk Market Road (K01)"", ""started"": 80, ""completed_unassisted"": 41, ""completed_assisted"": 118, ""abandoned"": 12}","{""unassisted_pct"": 0.5125, ""vs_target"": ""Met""}"
LQ5,2026-11 · Kiosk Market Road (K01),202611,Ada Okonkwo,mel@contraconnect.local,Kiosk Market Road (K01),2026-11-28T14:32:00Z,"{""period_month"": ""2026-11"", ""facility_id"": 1, ""facility_name"": ""Kiosk Market Road (K01)"", ""staff_start"": 12, ""staff_end"": 11, ""leavers"": 1, ""joiners"": 0, ""avg_incentive"": 25000, ""pulse_score"": 4.1, ""notes"": ""Performance bonus piloted at K02.""}","{""attrition_rate"": 0.0833, ""vs_target"": ""Above limit""}"
LQ6,Week 1 · Kiosk Market Road (K01),202611,Ada Okonkwo,mel@contraconnect.local,Kiosk Market Road (K01),2026-11-28T14:32:00Z,"{""week_num"": 1, ""facility_id"": 1, ""facility_name"": ""Kiosk Market Road (K01)"", ""kiosk_id"": ""K01"", ""site_category"": ""Market"", ""foot_traffic"": 1200, ""registrations"": 310, ""methods_issued"": 150}","{""ft_to_reg"": 0.2583, ""reg_to_method"": 0.4839}"
LQ7,2026-11 · Kiosk Market Road (K01),202611,Ada Okonkwo,mel@contraconnect.local,Kiosk Market Road (K01),2026-11-28T14:32:00Z,"{""period_month"": ""2026-11"", ""facility_id"": 1, ""facility_name"": ""Kiosk Market Road (K01)"", ""method"": ""Injectable"", ""issued"": 120, ""discontinued"": 4, ""refusal_reason"": ""Fear of side effects"", ""refusal_count"": 18}","{""discontinuation_rate"": 0.0333}"
LQ8,2026-11 · Kiosk Market Road (K01),202611,Ada Okonkwo,mel@contraconnect.local,Kiosk Market Road (K01),2026-11-28T14:32:00Z,"{""period_month"": ""2026-11"", ""facility_id"": 1, ""facility_name"": ""Kiosk Market Road (K01)"", ""facility_or_kiosk"": ""Kiosk Market Road (K01)"", ""total_op_cost"": 4500000, ""clients_served"": 885, ""commodity_cost"": 1200000, ""staff_cost"": 2400000, ""other_cost"": 900000}","{""unit_cost"": 5084.75}"
LQ9,2026-11 · Kiosk Market Road (K01),202611,Ada Okonkwo,mel@contraconnect.local,Kiosk Market Road (K01),2026-11-28T14:32:00Z,"{""period_month"": ""2026-11"", ""facility_id"": 1, ""facility_name"": ""Kiosk Market Road (K01)"", ""channel"": ""Mobilizer"", ""age_group"": ""20-24 yrs"", ""acquired"": 85, ""converted"": 40}","{""channel_conversion"": 0.4706}"
LQ10,2026-11 · Kiosk Market Road (K01),202611,Ada Okonkwo,mel@contraconnect.local,Kiosk Market Road (K01),2026-11-28T14:32:00Z,"{""period_month"": ""2026-11"", ""facility_id"": 1, ""facility_name"": ""Kiosk Market Road (K01)"", ""sync_attempts"": 1500, ""sync_successes"": 1410, ""avg_latency_hours"": 36, ""dashboard_usability"": 4.2, ""notes"": ""API stable; one overnight batch delayed.""}","{""sync_rate"": 0.94, ""vs_target"": ""Below"", ""latency_ok"": true, ""usability_ok"": true}"
LQ11,2026-11 · Kiosk Market Road (K01),202611,Ada Okonkwo,mel@contraconnect.local,Kiosk Market Road (K01),2026-11-28T14:32:00Z,"{""quarter_num"": 1, ""facility_id"": 1, ""facility_name"": ""Kiosk Market Road (K01)"", ""milestone"": ""State co-financing tranche 1"", ""funder"": ""Edo State Government"", ""due_date"": ""2027-03-31"", ""target_amount"": 50000, ""achieved_amount"": 20000, ""status"": ""In progress"", ""policy_commitment"": ""MoU on DHIS2 data sharing"", ""policy_status"": ""In progress"", ""notes"": ""Ministry committed to 2027 budget line for kiosks.""}","{""pct_achieved"": 0.4}"
